{
  "methods": [
    {
      "name": "Initial Design",
      "method_type": "reference",
      "runtime_s": 0.0,
      "summary": {
        "objective": 0.4311848948570875,
        "hic_mean": 259.89492661919985,
        "hic_std": 248.286450946419,
        "hic_cvar90": 811.4002513051759,
        "chest_mean": 35.228040097543904,
        "chest_std": 14.911138882645135,
        "failure_rate_hic_gt_1000": 0.16,
        "false_deployment_rate": 0.016666666666666666,
        "energy_mean": 0.44232282932804573
      },
      "design": {
        "trigger_delay_ms": 18.0,
        "pressure_early_kpa": 220.0,
        "pressure_mid_kpa": 190.0,
        "pressure_late_kpa": 140.0,
        "vent_rate": 18.0
      },
      "design_mean": {
        "trigger_delay_ms": 18.0,
        "pressure_early_kpa": 220.0,
        "pressure_mid_kpa": 190.0,
        "pressure_late_kpa": 140.0,
        "vent_rate": 18.0
      }
    },
    {
      "name": "Deterministic SQP",
      "method_type": "baseline_fixed",
      "runtime_s": 0.062343800003873184,
      "summary": {
        "objective": 0.43115021222839556,
        "hic_mean": 259.84762419007,
        "hic_std": 248.2513436455589,
        "hic_cvar90": 811.4002515556457,
        "chest_mean": 35.228138349069795,
        "chest_std": 14.911255594871967,
        "failure_rate_hic_gt_1000": 0.16,
        "false_deployment_rate": 0.016666666666666666,
        "energy_mean": 0.4422093830896036
      },
      "design": {
        "trigger_delay_ms": 18.021484391552306,
        "pressure_early_kpa": 219.99999997494885,
        "pressure_mid_kpa": 189.99999997880875,
        "pressure_late_kpa": 139.99999958417143,
        "vent_rate": 17.999997748162144
      },
      "design_mean": {
        "trigger_delay_ms": 18.021484391552306,
        "pressure_early_kpa": 219.99999997494885,
        "pressure_mid_kpa": 189.99999997880875,
        "pressure_late_kpa": 139.99999958417143,
        "vent_rate": 17.999997748162144
      }
    },
    {
      "name": "Grid Search",
      "method_type": "baseline_fixed",
      "runtime_s": 74.180099899997,
      "summary": {
        "objective": 0.3790334692696396,
        "hic_mean": 249.09022469123252,
        "hic_std": 229.38135210205485,
        "hic_cvar90": 752.1483777052825,
        "chest_mean": 34.60159458539953,
        "chest_std": 14.671584611209187,
        "failure_rate_hic_gt_1000": 0.14333333333333334,
        "false_deployment_rate": 0.016666666666666666,
        "energy_mean": 0.1005712143304418
      },
      "design": {
        "trigger_delay_ms": 16.0,
        "pressure_early_kpa": 300.0,
        "pressure_mid_kpa": 300.0,
        "pressure_late_kpa": 100.0,
        "vent_rate": 4.0
      },
      "design_mean": {
        "trigger_delay_ms": 16.0,
        "pressure_early_kpa": 300.0,
        "pressure_mid_kpa": 300.0,
        "pressure_late_kpa": 100.0,
        "vent_rate": 4.0
      }
    },
    {
      "name": "MPC-Inspired Policy",
      "method_type": "adaptive_policy",
      "runtime_s": 0.8735923000058392,
      "summary": {
        "objective": 0.4153316999580092,
        "hic_mean": 247.58776609335928,
        "hic_std": 225.71755395166699,
        "hic_cvar90": 751.7927586152483,
        "chest_mean": 35.68687921898043,
        "chest_std": 15.17538188632199,
        "failure_rate_hic_gt_1000": 0.12666666666666668,
        "false_deployment_rate": 0.016666666666666666,
        "energy_mean": 0.5960477833256458
      },
      "design": null,
      "design_mean": {
        "trigger_delay_ms": 17.16800672681619,
        "pressure_early_kpa": 144.6452100369437,
        "pressure_mid_kpa": 250.5076256689712,
        "pressure_late_kpa": 164.76844141523907,
        "vent_rate": 21.898434062997666
      }
    },
    {
      "name": "Robust DE+SLSQP",
      "method_type": "robust_fixed",
      "runtime_s": 200.50661590001255,
      "summary": {
        "objective": 0.356140848193856,
        "hic_mean": 230.41497723410788,
        "hic_std": 216.59983671435612,
        "hic_cvar90": 706.2907913164285,
        "chest_mean": 34.86341193523512,
        "chest_std": 14.876969973903762,
        "failure_rate_hic_gt_1000": 0.11666666666666667,
        "false_deployment_rate": 0.016666666666666666,
        "energy_mean": 0.10649143983301014
      },
      "design": {
        "trigger_delay_ms": 25.892812428432716,
        "pressure_early_kpa": 299.1635752962859,
        "pressure_mid_kpa": 286.9501423968951,
        "pressure_late_kpa": 102.73178961233124,
        "vent_rate": 4.4122995260144755
      },
      "design_mean": {
        "trigger_delay_ms": 25.892812428432716,
        "pressure_early_kpa": 299.1635752962859,
        "pressure_mid_kpa": 286.9501423968951,
        "pressure_late_kpa": 102.73178961233124,
        "vent_rate": 4.4122995260144755
      }
    },
    {
      "name": "Shift-Robust DRO",
      "method_type": "robust_shift_aware",
      "runtime_s": 342.4226985999994,
      "summary": {
        "objective": 0.3669969552799456,
        "hic_mean": 238.51546130569312,
        "hic_std": 218.3117146167035,
        "hic_cvar90": 714.4099478874252,
        "chest_mean": 34.73959421749296,
        "chest_std": 14.761638800007455,
        "failure_rate_hic_gt_1000": 0.12666666666666668,
        "false_deployment_rate": 0.016666666666666666,
        "energy_mean": 0.1503018441689726
      },
      "design": {
        "trigger_delay_ms": 20.061462830114507,
        "pressure_early_kpa": 298.50101669914807,
        "pressure_mid_kpa": 299.37577578121505,
        "pressure_late_kpa": 104.20967511707137,
        "vent_rate": 6.002239611434614
      },
      "design_mean": {
        "trigger_delay_ms": 20.061462830114507,
        "pressure_early_kpa": 298.50101669914807,
        "pressure_mid_kpa": 299.37577578121505,
        "pressure_late_kpa": 104.20967511707137,
        "vent_rate": 6.002239611434614
      }
    },
    {
      "name": "Shift-Refined Local Search",
      "method_type": "robust_local_refinement",
      "runtime_s": 85.11543039999378,
      "summary": {
        "objective": 0.3525401313216585,
        "hic_mean": 226.52213220065713,
        "hic_std": 210.64346838701587,
        "hic_cvar90": 691.2101094085017,
        "chest_mean": 35.14274008879802,
        "chest_std": 14.983504940397694,
        "failure_rate_hic_gt_1000": 0.11,
        "false_deployment_rate": 0.016666666666666666,
        "energy_mean": 0.10588163292235625
      },
      "design": {
        "trigger_delay_ms": 25.392812428432716,
        "pressure_early_kpa": 300.0,
        "pressure_mid_kpa": 300.0,
        "pressure_late_kpa": 120.73178961233124,
        "vent_rate": 4.0
      },
      "design_mean": {
        "trigger_delay_ms": 25.392812428432716,
        "pressure_early_kpa": 300.0,
        "pressure_mid_kpa": 300.0,
        "pressure_late_kpa": 120.73178961233124,
        "vent_rate": 4.0
      }
    }
  ]
}